participant,group,score,R1,R2,R3,R4,R5,R6,R7,R8,R9,R10,R11,R12,R13,R14,R15
1,1,55.0,cat,bird,monkey,bear,sheep,horse,elephant,lion,giraffe,fish,cow,dog,nan,nan,nan
2,1,48.6,fish,cow,snake,dog,monkey,nan,nan,nan,nan,nan,nan,nan,nan,nan,nan
3,1,56.5,zebra,mouse,snake,tiger,cow,bear,giraffe,cat,elephant,monkey,fish,dog,sheep,horse,nan
4,1,65.2,bear,giraffe,horse,snake,elephant,cow,monkey,zebra,fish,sheep,dog,lion,nan,nan,nan
5,1,47.7,dog,horse,bird,cat,mouse,zebra,elephant,giraffe,lion,snake,cow,fish,nan,nan,nan
6,1,47.7,lion,monkey,bear,cat,mouse,tiger,bird,nan,nan,nan,nan,nan,nan,nan,nan
7,1,65.8,horse,cow,elephant,monkey,fish,mouse,lion,tiger,dog,bird,sheep,nan,nan,nan,nan
8,1,57.7,dog,bear,snake,giraffe,zebra,sheep,tiger,lion,cow,bird,monkey,nan,nan,nan,nan
9,1,45.3,sheep,bird,mouse,snake,giraffe,cow,fish,monkey,bear,lion,horse,nan,nan,nan,nan
10,1,55.4,bird,tiger,cat,bear,snake,giraffe,fish,zebra,horse,mouse,cow,dog,nan,nan,nan
11,1,45.4,lion,giraffe,elephant,mouse,snake,cat,dog,sheep,cow,bird,bear,monkey,tiger,fish,horse
12,1,45.3,cow,sheep,mouse,tiger,snake,dog,bird,giraffe,nan,nan,nan,nan,nan,nan,nan
13,1,52.4,bear,horse,dog,mouse,fish,sheep,monkey,giraffe,elephant,zebra,lion,cat,nan,nan,nan
14,1,30.9,bird,tiger,cow,mouse,bear,dog,sheep,nan,nan,nan,nan,nan,nan,nan,nan
15,1,32.8,snake,bear,lion,zebra,elephant,sheep,mouse,fish,cat,giraffe,monkey,bird,dog,nan,nan
16,1,44.4,monkey,bear,cow,zebra,dog,mouse,giraffe,sheep,horse,cat,fish,lion,nan,nan,nan
17,1,39.9,fish,dog,monkey,mouse,sheep,nan,nan,nan,nan,nan,nan,nan,nan,nan,nan
18,1,53.1,giraffe,bird,elephant,lion,snake,horse,tiger,sheep,dog,monkey,zebra,nan,nan,nan,nan
19,1,40.9,cow,sheep,lion,horse,giraffe,nan,nan,nan,nan,nan,nan,nan,nan,nan,nan
20,1,35.9,tiger,horse,monkey,elephant,lion,nan,nan,nan,nan,nan,nan,nan,nan,nan,nan
21,1,64.7,bird,cow,zebra,lion,elephant,horse,snake,tiger,monkey,nan,nan,nan,nan,nan,nan
22,1,47.7,elephant,monkey,snake,tiger,fish,mouse,lion,cow,cat,nan,nan,nan,nan,nan,nan
23,1,50.7,snake,sheep,zebra,giraffe,tiger,monkey,nan,nan,nan,nan,nan,nan,nan,nan,nan
24,1,35.8,snake,zebra,giraffe,bird,monkey,cow,bear,cat,fish,tiger,horse,elephant,mouse,nan,nan
25,1,44.6,sheep,lion,elephant,cow,giraffe,nan,nan,nan,nan,nan,nan,nan,nan,nan,nan
26,1,51.1,mouse,bear,snake,zebra,fish,sheep,nan,nan,nan,nan,nan,nan,nan,nan,nan
27,1,38.5,giraffe,fish,monkey,cat,cow,elephant,dog,mouse,bear,snake,zebra,tiger,horse,lion,nan
28,1,53.8,bird,cow,snake,elephant,bear,fish,giraffe,mouse,tiger,dog,zebra,sheep,lion,horse,nan
29,1,44.0,snake,horse,sheep,monkey,lion,dog,tiger,mouse,giraffe,nan,nan,nan,nan,nan,nan
30,1,47.1,monkey,tiger,sheep,fish,lion,bird,snake,horse,nan,nan,nan,nan,nan,nan,nan
31,1,44.0,bear,tiger,zebra,elephant,lion,nan,nan,nan,nan,nan,nan,nan,nan,nan,nan
32,1,68.5,tiger,monkey,zebra,fish,elephant,bird,snake,bear,horse,cat,nan,nan,nan,nan,nan
33,1,49.9,sheep,zebra,giraffe,cow,horse,mouse,elephant,bear,dog,nan,nan,nan,nan,nan,nan
34,1,39.4,elephant,fish,dog,mouse,zebra,cow,snake,sheep,monkey,tiger,lion,horse,giraffe,cat,nan
35,1,58.2,snake,horse,fish,lion,bear,cow,tiger,cat,sheep,giraffe,mouse,nan,nan,nan,nan
36,1,37.8,mouse,monkey,dog,tiger,snake,bear,elephant,nan,nan,nan,nan,nan,nan,nan,nan
37,1,52.1,cat,tiger,elephant,snake,bear,cow,fish,lion,monkey,giraffe,horse,mouse,bird,dog,nan
38,1,30.4,mouse,horse,sheep,bird,elephant,giraffe,tiger,dog,nan,nan,nan,nan,nan,nan,nan
39,1,36.7,horse,cow,tiger,bear,bird,nan,nan,nan,nan,nan,nan,nan,nan,nan,nan
40,1,52.0,zebra,bear,cat,dog,mouse,monkey,snake,fish,bird,tiger,giraffe,lion,nan,nan,nan
41,1,57.4,monkey,cat,bear,sheep,dog,horse,snake,mouse,lion,tiger,zebra,fish,cow,nan,nan
42,1,51.7,elephant,bear,dog,monkey,sheep,giraffe,bird,cow,zebra,lion,tiger,fish,mouse,horse,nan
43,1,48.8,snake,elephant,monkey,cow,sheep,bird,lion,tiger,bear,giraffe,fish,cat,zebra,dog,mouse
44,1,47.0,tiger,bird,lion,horse,cat,zebra,nan,nan,nan,nan,nan,nan,nan,nan,nan
45,1,35.2,snake,mouse,cat,bear,bird,elephant,horse,monkey,giraffe,lion,zebra,tiger,sheep,fish,dog
46,1,42.8,tiger,bird,elephant,cat,lion,nan,nan,nan,nan,nan,nan,nan,nan,nan,nan
47,1,45.4,tiger,monkey,giraffe,bird,bear,elephant,dog,lion,horse,snake,zebra,cow,nan,nan,nan
48,1,60.6,bear,cat,zebra,fish,elephant,dog,sheep,tiger,lion,cow,giraffe,bird,mouse,snake,horse
49,1,53.4,tiger,horse,giraffe,mouse,lion,elephant,bear,bird,fish,sheep,snake,nan,nan,nan,nan
50,1,32.4,cow,bear,cat,mouse,bird,zebra,fish,giraffe,elephant,tiger,lion,nan,nan,nan,nan
51,1,53.2,cow,monkey,mouse,bird,elephant,lion,sheep,snake,dog,fish,nan,nan,nan,nan,nan
52,1,46.1,fish,giraffe,elephant,lion,horse,zebra,dog,snake,nan,nan,nan,nan,nan,nan,nan
53,1,43.2,zebra,bear,fish,lion,giraffe,horse,tiger,cow,nan,nan,nan,nan,nan,nan,nan
54,1,56.1,bear,bird,dog,fish,horse,snake,giraffe,cat,mouse,tiger,elephant,cow,nan,nan,nan
55,1,60.3,lion,tiger,sheep,cow,horse,zebra,elephant,bird,bear,fish,nan,nan,nan,nan,nan
56,1,59.3,snake,cat,tiger,zebra,horse,monkey,sheep,bear,lion,nan,nan,nan,nan,nan,nan
57,1,41.6,fish,mouse,dog,giraffe,lion,horse,monkey,tiger,snake,cow,elephant,sheep,cat,nan,nan
58,1,46.9,bird,elephant,horse,snake,zebra,sheep,mouse,giraffe,tiger,bear,dog,lion,nan,nan,nan
59,1,53.3,lion,zebra,monkey,dog,bear,bird,elephant,horse,giraffe,sheep,cat,snake,nan,nan,nan
60,1,59.8,sheep,mouse,cow,lion,fish,nan,nan,nan,nan,nan,nan,nan,nan,nan,nan
61,1,45.2,lion,bear,elephant,dog,giraffe,zebra,nan,nan,nan,nan,nan,nan,nan,nan,nan
62,1,48.1,horse,monkey,cat,lion,mouse,fish,snake,dog,nan,nan,nan,nan,nan,nan,nan
63,1,38.9,fish,giraffe,lion,cat,elephant,monkey,horse,bear,mouse,snake,bird,sheep,tiger,dog,nan
64,1,38.0,fish,bear,cow,elephant,snake,horse,cat,lion,zebra,nan,nan,nan,nan,nan,nan
65,1,58.1,cow,mouse,dog,sheep,zebra,snake,horse,nan,nan,nan,nan,nan,nan,nan,nan
66,1,63.6,zebra,giraffe,cow,bird,tiger,monkey,sheep,fish,bear,lion,horse,elephant,nan,nan,nan
67,1,49.3,snake,monkey,elephant,zebra,cow,cat,bird,lion,fish,dog,giraffe,sheep,tiger,horse,nan
68,1,60.0,fish,monkey,mouse,bear,elephant,snake,cat,horse,tiger,cow,lion,bird,dog,giraffe,nan
69,1,53.6,cow,lion,sheep,fish,mouse,monkey,zebra,horse,giraffe,cat,tiger,bear,nan,nan,nan
70,1,43.5,snake,cat,monkey,giraffe,lion,nan,nan,nan,nan,nan,nan,nan,nan,nan,nan
71,1,53.6,dog,bird,bear,horse,mouse,nan,nan,nan,nan,nan,nan,nan,nan,nan,nan
72,1,65.4,mouse,monkey,bird,horse,lion,giraffe,snake,cow,dog,nan,nan,nan,nan,nan,nan
73,1,49.6,bear,horse,fish,dog,elephant,nan,nan,nan,nan,nan,nan,nan,nan,nan,nan
74,1,65.6,cat,elephant,lion,tiger,giraffe,mouse,fish,horse,bird,sheep,monkey,snake,nan,nan,nan
75,1,23.8,mouse,tiger,snake,giraffe,cow,cat,lion,sheep,fish,bird,horse,nan,nan,nan,nan
76,1,58.2,lion,tiger,mouse,elephant,sheep,fish,zebra,snake,bear,cow,nan,nan,nan,nan,nan
77,1,50.9,sheep,monkey,bird,horse,fish,giraffe,tiger,dog,snake,cow,lion,mouse,bear,nan,nan
78,1,47.0,bear,bird,mouse,fish,horse,tiger,cow,dog,elephant,sheep,lion,zebra,monkey,nan,nan
79,1,50.9,elephant,bear,giraffe,sheep,lion,horse,nan,nan,nan,nan,nan,nan,nan,nan,nan
80,1,30.1,tiger,bear,zebra,dog,elephant,monkey,cow,fish,horse,cat,snake,sheep,mouse,lion,nan
81,1,47.8,monkey,bird,cow,cat,elephant,tiger,bear,nan,nan,nan,nan,nan,nan,nan,nan
82,1,53.6,horse,fish,cat,monkey,mouse,cow,zebra,snake,tiger,bird,elephant,bear,giraffe,nan,nan
83,1,64.8,giraffe,cat,monkey,dog,horse,tiger,fish,zebra,bear,mouse,elephant,nan,nan,nan,nan
84,1,44.8,monkey,snake,horse,giraffe,cat,bird,dog,tiger,nan,nan,nan,nan,nan,nan,nan
85,1,41.9,mouse,snake,tiger,cow,elephant,monkey,lion,dog,cat,fish,zebra,bear,horse,sheep,giraffe
86,1,45.0,mouse,giraffe,dog,bear,elephant,zebra,lion,snake,tiger,bird,nan,nan,nan,nan,nan
87,1,59.2,zebra,tiger,bird,sheep,elephant,lion,mouse,dog,cat,cow,bear,giraffe,monkey,snake,nan
88,1,53.3,giraffe,tiger,fish,sheep,monkey,cow,lion,zebra,bird,cat,bear,nan,nan,nan,nan
89,1,44.7,sheep,elephant,fish,dog,giraffe,cow,monkey,zebra,snake,horse,bird,nan,nan,nan,nan
90,1,55.1,fish,giraffe,zebra,cow,sheep,elephant,monkey,nan,nan,nan,nan,nan,nan,nan,nan
91,1,51.0,snake,cow,tiger,dog,sheep,giraffe,horse,mouse,zebra,cat,lion,fish,elephant,monkey,nan
92,1,59.7,snake,horse,bird,giraffe,elephant,mouse,bear,tiger,nan,nan,nan,nan,nan,nan,nan
93,1,43.0,horse,snake,fish,lion,elephant,cow,zebra,monkey,mouse,cat,nan,nan,nan,nan,nan
94,1,46.7,tiger,dog,mouse,giraffe,fish,cat,bear,cow,sheep,horse,bird,snake,zebra,monkey,nan
95,1,46.1,monkey,giraffe,dog,snake,bear,bird,cat,cow,horse,zebra,elephant,nan,nan,nan,nan
96,1,35.4,giraffe,bear,snake,mouse,zebra,horse,nan,nan,nan,nan,nan,nan,nan,nan,nan
97,1,53.0,horse,giraffe,monkey,bird,fish,zebra,nan,nan,nan,nan,nan,nan,nan,nan,nan
98,1,52.6,snake,giraffe,bird,mouse,monkey,fish,zebra,nan,nan,nan,nan,nan,nan,nan,nan
99,1,50.1,cat,cow,horse,giraffe,sheep,fish,dog,monkey,lion,snake,elephant,bird,mouse,tiger,nan
100,1,47.7,monkey,fish,mouse,sheep,lion,giraffe,cow,bird,nan,nan,nan,nan,nan,nan,nan
101,1,35.8,giraffe,mouse,bird,bear,horse,cow,cat,elephant,sheep,zebra,fish,dog,lion,nan,nan
102,1,45.8,giraffe,cat,elephant,zebra,fish,lion,snake,horse,nan,nan,nan,nan,nan,nan,nan
103,1,46.6,tiger,horse,bear,elephant,sheep,lion,nan,nan,nan,nan,nan,nan,nan,nan,nan
104,1,42.0,mouse,horse,dog,snake,tiger,giraffe,cow,nan,nan,nan,nan,nan,nan,nan,nan
105,1,48.4,cat,zebra,sheep,dog,snake,horse,nan,nan,nan,nan,nan,nan,nan,nan,nan
106,1,54.0,elephant,mouse,dog,zebra,snake,cat,monkey,cow,fish,sheep,bird,horse,bear,giraffe,tiger
107,1,68.9,giraffe,snake,bird,tiger,fish,zebra,horse,sheep,cow,nan,nan,nan,nan,nan,nan
108,1,51.7,snake,horse,tiger,cow,bird,monkey,lion,cat,mouse,fish,bear,sheep,giraffe,dog,nan
109,1,52.6,tiger,mouse,bird,sheep,horse,lion,elephant,dog,bear,cow,zebra,fish,giraffe,snake,nan
110,1,49.3,giraffe,bear,horse,mouse,elephant,snake,monkey,cat,zebra,tiger,fish,dog,nan,nan,nan
111,1,30.8,tiger,dog,elephant,horse,giraffe,zebra,mouse,monkey,snake,nan,nan,nan,nan,nan,nan
112,1,49.7,tiger,cat,dog,zebra,monkey,nan,nan,nan,nan,nan,nan,nan,nan,nan,nan
113,1,50.6,elephant,lion,bird,mouse,sheep,dog,snake,cow,monkey,nan,nan,nan,nan,nan,nan
114,1,74.6,cow,tiger,cat,monkey,sheep,mouse,fish,elephant,nan,nan,nan,nan,nan,nan,nan
115,1,48.1,bear,lion,zebra,sheep,elephant,tiger,nan,nan,nan,nan,nan,nan,nan,nan,nan
116,1,53.0,tiger,bird,snake,giraffe,horse,dog,cow,monkey,fish,cat,nan,nan,nan,nan,nan
117,1,49.7,cow,giraffe,dog,cat,snake,tiger,nan,nan,nan,nan,nan,nan,nan,nan,nan
118,1,38.3,sheep,tiger,snake,cat,horse,zebra,nan,nan,nan,nan,nan,nan,nan,nan,nan
119,1,61.4,zebra,monkey,horse,elephant,cat,fish,dog,cow,lion,snake,sheep,bird,nan,nan,nan
120,1,57.5,monkey,bear,cat,sheep,bird,nan,nan,nan,nan,nan,nan,nan,nan,nan,nan
121,1,57.9,mouse,lion,giraffe,bird,dog,snake,fish,cow,cat,zebra,sheep,monkey,horse,nan,nan
122,1,40.9,cow,cat,sheep,dog,monkey,snake,horse,zebra,elephant,lion,giraffe,fish,tiger,bird,mouse
123,1,64.0,dog,mouse,sheep,horse,cat,cow,elephant,snake,monkey,zebra,bird,fish,giraffe,bear,nan
124,1,36.0,giraffe,cat,snake,cow,dog,tiger,sheep,bear,bird,horse,lion,nan,nan,nan,nan
125,1,55.9,cow,dog,bear,snake,monkey,elephant,bird,nan,nan,nan,nan,nan,nan,nan,nan
126,1,71.9,monkey,horse,mouse,fish,sheep,giraffe,cow,lion,tiger,snake,zebra,nan,nan,nan,nan
127,1,40.1,bear,fish,mouse,tiger,dog,monkey,elephant,cat,lion,horse,nan,nan,nan,nan,nan
128,1,44.3,snake,elephant,cow,sheep,bird,fish,dog,horse,lion,mouse,bear,monkey,tiger,giraffe,zebra
129,1,51.0,sheep,fish,snake,giraffe,mouse,dog,bird,monkey,cow,nan,nan,nan,nan,nan,nan
130,1,45.0,cow,mouse,giraffe,dog,bird,lion,horse,cat,fish,elephant,nan,nan,nan,nan,nan
131,1,34.5,giraffe,dog,bear,monkey,cat,elephant,cow,lion,snake,zebra,tiger,nan,nan,nan,nan
132,1,50.7,bear,fish,monkey,sheep,mouse,giraffe,nan,nan,nan,nan,nan,nan,nan,nan,nan
133,1,39.4,bird,tiger,elephant,cat,monkey,mouse,cow,dog,zebra,bear,snake,nan,nan,nan,nan
134,1,54.7,fish,zebra,tiger,mouse,cow,horse,bird,nan,nan,nan,nan,nan,nan,nan,nan
135,1,40.8,giraffe,mouse,elephant,lion,sheep,nan,nan,nan,nan,nan,nan,nan,nan,nan,nan
136,1,65.5,bear,elephant,bird,cow,monkey,mouse,nan,nan,nan,nan,nan,nan,nan,nan,nan
137,1,42.2,bear,zebra,snake,dog,elephant,lion,cat,bird,monkey,mouse,horse,cow,nan,nan,nan
138,1,46.8,cow,sheep,mouse,cat,bird,horse,dog,monkey,nan,nan,nan,nan,nan,nan,nan
139,1,58.1,bird,lion,dog,monkey,cow,snake,tiger,giraffe,elephant,horse,cat,sheep,bear,nan,nan
140,1,37.7,giraffe,dog,bear,tiger,bird,cat,snake,nan,nan,nan,nan,nan,nan,nan,nan
141,1,52.3,cat,bird,monkey,bear,lion,mouse,sheep,cow,tiger,elephant,horse,nan,nan,nan,nan
142,1,63.1,monkey,giraffe,dog,cow,snake,mouse,elephant,horse,lion,bear,bird,zebra,sheep,cat,tiger
143,1,33.9,monkey,bear,horse,elephant,dog,fish,tiger,giraffe,lion,zebra,nan,nan,nan,nan,nan
144,1,51.8,fish,tiger,giraffe,sheep,zebra,bear,dog,horse,monkey,elephant,cat,mouse,snake,lion,cow
145,1,52.6,cat,fish,bird,bear,sheep,monkey,horse,lion,cow,zebra,snake,mouse,giraffe,nan,nan
146,1,57.8,bear,zebra,giraffe,bird,tiger,snake,cow,monkey,dog,nan,nan,nan,nan,nan,nan
147,1,37.6,tiger,horse,fish,snake,zebra,bird,dog,giraffe,elephant,bear,nan,nan,nan,nan,nan
148,1,36.8,horse,zebra,tiger,bear,lion,monkey,dog,giraffe,mouse,cow,nan,nan,nan,nan,nan
149,1,55.2,horse,tiger,cow,fish,dog,lion,monkey,mouse,snake,nan,nan,nan,nan,nan,nan
150,1,53.0,cat,snake,monkey,sheep,giraffe,mouse,horse,lion,elephant,tiger,fish,dog,zebra,bear,bird
151,1,52.5,bear,zebra,dog,lion,sheep,mouse,giraffe,cow,bird,tiger,horse,monkey,fish,snake,cat
152,1,53.5,horse,dog,tiger,cat,lion,fish,mouse,giraffe,bear,zebra,cow,snake,bird,nan,nan
153,1,43.2,horse,dog,bird,monkey,zebra,tiger,sheep,giraffe,mouse,lion,cow,snake,elephant,nan,nan
154,1,52.3,sheep,horse,bear,lion,mouse,elephant,zebra,cow,cat,bird,fish,giraffe,nan,nan,nan
155,1,52.9,dog,tiger,cow,monkey,bird,fish,horse,snake,sheep,nan,nan,nan,nan,nan,nan
156,1,42.9,horse,cow,giraffe,sheep,lion,elephant,nan,nan,nan,nan,nan,nan,nan,nan,nan
157,1,68.7,cat,fish,horse,dog,zebra,lion,giraffe,tiger,sheep,cow,nan,nan,nan,nan,nan
158,1,54.7,elephant,mouse,sheep,lion,bear,dog,nan,nan,nan,nan,nan,nan,nan,nan,nan
159,1,38.1,dog,bird,monkey,elephant,lion,cow,tiger,bear,giraffe,zebra,snake,cat,horse,sheep,mouse
160,1,56.6,tiger,sheep,snake,mouse,dog,horse,monkey,lion,bird,giraffe,nan,nan,nan,nan,nan
161,1,40.3,tiger,dog,bird,elephant,sheep,cow,horse,mouse,zebra,giraffe,monkey,bear,cat,nan,nan
162,1,57.9,horse,dog,sheep,elephant,tiger,bird,lion,nan,nan,nan,nan,nan,nan,nan,nan
163,1,61.6,dog,cat,elephant,bear,cow,nan,nan,nan,nan,nan,nan,nan,nan,nan,nan
164,1,41.8,fish,horse,snake,sheep,tiger,cow,bird,mouse,nan,nan,nan,nan,nan,nan,nan
165,1,59.6,monkey,cat,elephant,tiger,cow,lion,fish,bear,sheep,horse,zebra,dog,bird,snake,nan
166,1,54.1,cat,zebra,fish,cow,monkey,horse,giraffe,dog,lion,tiger,nan,nan,nan,nan,nan
167,1,58.2,monkey,elephant,tiger,horse,fish,dog,nan,nan,nan,nan,nan,nan,nan,nan,nan
168,1,69.0,giraffe,bear,zebra,horse,cat,cow,mouse,elephant,dog,monkey,lion,sheep,tiger,nan,nan
169,1,47.5,tiger,elephant,lion,horse,cat,cow,nan,nan,nan,nan,nan,nan,nan,nan,nan
170,1,42.5,tiger,horse,bear,zebra,mouse,cow,snake,cat,giraffe,monkey,elephant,nan,nan,nan,nan
171,1,41.1,giraffe,horse,snake,bird,elephant,dog,nan,nan,nan,nan,nan,nan,nan,nan,nan
172,1,41.8,bear,cow,giraffe,snake,bird,tiger,horse,zebra,nan,nan,nan,nan,nan,nan,nan
173,1,49.2,cat,bird,fish,giraffe,mouse,snake,elephant,nan,nan,nan,nan,nan,nan,nan,nan
174,1,53.4,mouse,dog,fish,giraffe,horse,bird,nan,nan,nan,nan,nan,nan,nan,nan,nan
175,1,52.8,fish,tiger,snake,zebra,elephant,bear,cat,giraffe,sheep,dog,nan,nan,nan,nan,nan
176,1,58.3,tiger,bird,monkey,cow,horse,snake,giraffe,lion,nan,nan,nan,nan,nan,nan,nan
177,1,50.1,dog,snake,monkey,cow,giraffe,tiger,elephant,bear,cat,sheep,fish,zebra,nan,nan,nan
178,1,64.5,snake,mouse,dog,horse,fish,cat,nan,nan,nan,nan,nan,nan,nan,nan,nan
179,1,47.4,snake,lion,fish,bear,zebra,monkey,cow,dog,bird,tiger,nan,nan,nan,nan,nan
180,1,77.2,fish,horse,bird,elephant,zebra,monkey,tiger,lion,sheep,cat,dog,nan,nan,nan,nan
181,1,56.3,dog,cow,bear,lion,tiger,zebra,sheep,giraffe,nan,nan,nan,nan,nan,nan,nan
182,1,41.4,horse,cat,bird,elephant,lion,snake,fish,giraffe,sheep,mouse,cow,nan,nan,nan,nan
183,1,39.3,monkey,lion,elephant,bird,cow,tiger,cat,horse,giraffe,dog,sheep,bear,nan,nan,nan
184,1,54.8,cow,bird,sheep,tiger,horse,nan,nan,nan,nan,nan,nan,nan,nan,nan,nan
185,1,47.8,cat,bird,elephant,snake,bear,horse,monkey,lion,nan,nan,nan,nan,nan,nan,nan
186,1,57.1,cat,lion,monkey,mouse,zebra,nan,nan,nan,nan,nan,nan,nan,nan,nan,nan
187,1,54.7,elephant,mouse,snake,dog,sheep,giraffe,cat,horse,lion,monkey,tiger,nan,nan,nan,nan
188,1,49.3,horse,zebra,giraffe,elephant,fish,dog,cow,sheep,bird,nan,nan,nan,nan,nan,nan
189,1,41.5,monkey,horse,mouse,cat,cow,snake,tiger,bird,nan,nan,nan,nan,nan,nan,nan
190,1,34.9,mouse,cow,lion,horse,tiger,zebra,cat,elephant,snake,giraffe,fish,monkey,nan,nan,nan
191,1,45.5,mouse,horse,sheep,snake,elephant,lion,nan,nan,nan,nan,nan,nan,nan,nan,nan
192,1,58.6,fish,bird,giraffe,tiger,lion,monkey,horse,sheep,elephant,dog,zebra,bear,mouse,cow,cat
193,1,52.1,zebra,tiger,fish,cow,dog,snake,giraffe,elephant,monkey,bear,bird,horse,nan,nan,nan
194,1,37.5,dog,snake,mouse,zebra,sheep,tiger,horse,bird,elephant,nan,nan,nan,nan,nan,nan
195,1,51.7,cow,zebra,sheep,giraffe,elephant,bear,monkey,fish,dog,nan,nan,nan,nan,nan,nan
196,1,53.9,giraffe,bear,mouse,bird,zebra,cat,nan,nan,nan,nan,nan,nan,nan,nan,nan
197,1,41.2,cat,horse,cow,bear,monkey,lion,nan,nan,nan,nan,nan,nan,nan,nan,nan
198,1,51.5,fish,bird,horse,zebra,bear,nan,nan,nan,nan,nan,nan,nan,nan,nan,nan
199,1,50.6,lion,bird,zebra,cow,giraffe,monkey,snake,sheep,mouse,nan,nan,nan,nan,nan,nan
200,1,38.6,lion,mouse,dog,giraffe,zebra,fish,bird,bear,cat,tiger,sheep,horse,nan,nan,nan
201,1,53.6,elephant,fish,monkey,mouse,sheep,cat,zebra,bird,bear,giraffe,dog,snake,cow,horse,lion
202,1,55.6,dog,giraffe,tiger,bear,fish,cat,mouse,horse,nan,nan,nan,nan,nan,nan,nan
203,1,60.8,sheep,snake,bird,zebra,dog,horse,cat,lion,mouse,giraffe,elephant,cow,tiger,nan,nan
204,1,60.5,monkey,cat,tiger,cow,mouse,dog,zebra,bear,lion,bird,snake,nan,nan,nan,nan
205,1,36.2,fish,elephant,cat,tiger,monkey,nan,nan,nan,nan,nan,nan,nan,nan,nan,nan
206,1,40.6,dog,lion,bird,mouse,horse,snake,bear,tiger,giraffe,zebra,cat,monkey,nan,nan,nan
207,1,55.2,bird,cow,monkey,bear,mouse,zebra,nan,nan,nan,nan,nan,nan,nan,nan,nan
208,1,55.1,bird,horse,snake,cat,elephant,giraffe,fish,cow,mouse,dog,sheep,monkey,tiger,bear,nan
209,1,55.2,sheep,bird,bear,lion,zebra,nan,nan,nan,nan,nan,nan,nan,nan,nan,nan
210,1,88.5,cow,cat,monkey,bear,elephant,giraffe,fish,zebra,horse,tiger,sheep,bird,mouse,dog,snake
211,1,55.7,fish,zebra,tiger,mouse,elephant,snake,sheep,bird,horse,giraffe,lion,bear,cow,cat,dog
212,1,61.4,mouse,snake,bear,sheep,zebra,lion,giraffe,monkey,horse,tiger,dog,fish,elephant,cow,cat
213,1,59.5,sheep,elephant,cat,snake,zebra,tiger,mouse,bear,bird,dog,monkey,horse,fish,lion,nan
214,1,56.5,zebra,lion,bear,cat,cow,dog,mouse,nan,nan,nan,nan,nan,nan,nan,nan
215,1,46.8,fish,monkey,sheep,tiger,snake,dog,horse,bird,bear,cow,giraffe,nan,nan,nan,nan
216,1,57.6,tiger,fish,horse,bear,mouse,giraffe,bird,snake,nan,nan,nan,nan,nan,nan,nan
217,1,42.3,bear,zebra,sheep,monkey,cow,bird,mouse,lion,elephant,nan,nan,nan,nan,nan,nan
218,1,47.6,cat,cow,mouse,giraffe,dog,elephant,tiger,nan,nan,nan,nan,nan,nan,nan,nan
219,1,45.1,zebra,horse,tiger,cat,lion,sheep,cow,dog,nan,nan,nan,nan,nan,nan,nan
220,1,50.8,snake,bird,lion,horse,tiger,cat,sheep,mouse,zebra,bear,giraffe,dog,nan,nan,nan
221,1,73.1,bear,fish,mouse,elephant,dog,cat,giraffe,horse,nan,nan,nan,nan,nan,nan,nan
222,1,31.3,dog,fish,snake,bear,cat,horse,bird,sheep,cow,zebra,nan,nan,nan,nan,nan
223,1,56.9,monkey,cat,bear,bird,elephant,fish,horse,tiger,sheep,mouse,cow,snake,lion,giraffe,nan
224,1,33.9,bear,elephant,snake,mouse,giraffe,zebra,tiger,sheep,dog,monkey,nan,nan,nan,nan,nan
225,1,45.3,dog,horse,monkey,zebra,mouse,bird,fish,bear,tiger,sheep,lion,cow,snake,nan,nan
226,1,60.9,elephant,giraffe,mouse,bear,snake,monkey,sheep,lion,horse,zebra,cat,tiger,nan,nan,nan
227,1,50.6,dog,zebra,fish,horse,cow,sheep,snake,bird,cat,mouse,lion,bear,elephant,nan,nan
228,1,39.2,fish,lion,snake,bird,cow,sheep,tiger,nan,nan,nan,nan,nan,nan,nan,nan
229,1,42.8,bear,dog,bird,zebra,giraffe,lion,sheep,horse,cat,snake,tiger,nan,nan,nan,nan
230,1,56.8,cat,lion,dog,sheep,tiger,bear,bird,elephant,snake,horse,nan,nan,nan,nan,nan
231,1,42.7,elephant,zebra,cat,cow,tiger,giraffe,horse,dog,bear,sheep,nan,nan,nan,nan,nan
232,1,52.2,bird,fish,mouse,dog,snake,zebra,elephant,horse,giraffe,nan,nan,nan,nan,nan,nan
233,1,50.5,monkey,giraffe,zebra,horse,fish,sheep,nan,nan,nan,nan,nan,nan,nan,nan,nan
234,1,43.5,lion,bear,horse,cow,monkey,cat,snake,giraffe,dog,sheep,elephant,nan,nan,nan,nan
235,1,71.4,bird,fish,monkey,mouse,zebra,bear,elephant,cow,giraffe,sheep,snake,lion,horse,tiger,nan
236,1,56.3,lion,cat,elephant,bear,sheep,bird,tiger,zebra,fish,monkey,giraffe,nan,nan,nan,nan
237,1,29.7,cat,horse,dog,lion,bird,fish,mouse,sheep,bear,zebra,snake,cow,elephant,tiger,giraffe
238,1,51.9,bird,bear,lion,elephant,zebra,sheep,monkey,fish,cat,nan,nan,nan,nan,nan,nan
239,1,43.4,dog,cow,zebra,giraffe,fish,tiger,nan,nan,nan,nan,nan,nan,nan,nan,nan
240,1,58.5,lion,zebra,bear,mouse,monkey,fish,horse,bird,giraffe,cow,cat,sheep,nan,nan,nan
241,1,42.1,bird,giraffe,lion,elephant,fish,bear,cow,mouse,nan,nan,nan,nan,nan,nan,nan
242,1,48.9,lion,dog,bird,tiger,bear,cat,zebra,fish,mouse,horse,snake,cow,monkey,nan,nan
243,1,55.0,snake,mouse,cow,dog,tiger,sheep,nan,nan,nan,nan,nan,nan,nan,nan,nan
244,1,58.7,elephant,giraffe,sheep,lion,bear,snake,nan,nan,nan,nan,nan,nan,nan,nan,nan
245,1,38.0,lion,snake,elephant,dog,zebra,bear,sheep,bird,nan,nan,nan,nan,nan,nan,nan
246,1,46.7,fish,elephant,bear,sheep,mouse,dog,horse,lion,giraffe,zebra,cat,bird,snake,nan,nan
247,1,45.3,bird,cat,monkey,snake,giraffe,lion,mouse,zebra,dog,elephant,fish,horse,tiger,sheep,nan
248,1,43.5,lion,dog,monkey,mouse,cat,zebra,sheep,fish,giraffe,bird,nan,nan,nan,nan,nan
249,1,67.7,sheep,giraffe,bird,mouse,fish,horse,elephant,bear,zebra,cow,nan,nan,nan,nan,nan
250,1,54.0,tiger,giraffe,horse,cow,dog,snake,monkey,sheep,nan,nan,nan,nan,nan,nan,nan
251,1,37.4,mouse,dog,monkey,tiger,bear,snake,cow,fish,giraffe,sheep,cat,nan,nan,nan,nan
252,1,59.2,sheep,horse,dog,cow,fish,giraffe,elephant,nan,nan,nan,nan,nan,nan,nan,nan
253,1,71.2,cow,mouse,tiger,horse,giraffe,snake,dog,lion,fish,nan,nan,nan,nan,nan,nan
254,1,60.3,tiger,lion,snake,fish,bird,giraffe,dog,elephant,monkey,sheep,nan,nan,nan,nan,nan
255,1,34.8,lion,dog,elephant,monkey,horse,sheep,cat,bear,snake,cow,fish,nan,nan,nan,nan
256,1,45.2,bird,bear,fish,elephant,snake,lion,cow,zebra,tiger,mouse,sheep,dog,nan,nan,nan
257,1,62.7,tiger,elephant,cow,giraffe,snake,dog,sheep,mouse,monkey,zebra,lion,nan,nan,nan,nan
258,1,42.9,sheep,dog,bird,horse,fish,nan,nan,nan,nan,nan,nan,nan,nan,nan,nan
259,2,74.4,elephant,fish,cow,monkey,giraffe,lion,cat,dog,horse,zebra,bird,snake,tiger,nan,nan
260,2,77.7,monkey,zebra,lion,cat,horse,bird,elephant,sheep,snake,cow,tiger,bear,giraffe,nan,nan
261,2,60.7,cat,sheep,bear,lion,bird,zebra,nan,nan,nan,nan,nan,nan,nan,nan,nan
262,2,69.4,tiger,lion,mouse,fish,monkey,bird,giraffe,snake,cat,dog,bear,zebra,horse,cow,elephant
263,2,37.6,dog,tiger,giraffe,zebra,sheep,cow,mouse,cat,bear,bird,lion,monkey,horse,nan,nan
264,2,59.8,giraffe,fish,monkey,cow,zebra,elephant,dog,lion,mouse,bird,cat,nan,nan,nan,nan
265,2,67.5,bird,bear,elephant,dog,snake,lion,cat,mouse,giraffe,fish,tiger,cow,zebra,monkey,nan
266,2,57.5,lion,fish,elephant,monkey,snake,zebra,tiger,giraffe,bird,mouse,bear,dog,horse,cat,nan
267,2,86.3,bear,fish,snake,mouse,cow,dog,tiger,nan,nan,nan,nan,nan,nan,nan,nan
268,2,55.7,dog,zebra,mouse,bear,giraffe,cow,snake,sheep,cat,monkey,lion,nan,nan,nan,nan
269,2,65.6,cat,mouse,elephant,monkey,bear,lion,bird,cow,horse,nan,nan,nan,nan,nan,nan
270,2,71.3,dog,sheep,horse,giraffe,fish,bird,snake,lion,mouse,elephant,bear,zebra,nan,nan,nan
271,2,84.4,horse,elephant,snake,cat,dog,bird,fish,sheep,nan,nan,nan,nan,nan,nan,nan
272,2,55.6,cat,fish,dog,tiger,cow,bird,sheep,elephant,snake,zebra,bear,monkey,lion,giraffe,mouse
273,2,81.6,sheep,horse,cat,tiger,bear,zebra,lion,giraffe,monkey,dog,cow,fish,bird,mouse,elephant
274,2,70.1,lion,zebra,fish,sheep,monkey,cow,nan,nan,nan,nan,nan,nan,nan,nan,nan
275,2,60.2,giraffe,fish,zebra,elephant,cat,mouse,horse,dog,tiger,nan,nan,nan,nan,nan,nan
276,2,74.6,zebra,bird,bear,lion,mouse,nan,nan,nan,nan,nan,nan,nan,nan,nan,nan
277,2,72.0,bird,sheep,cow,giraffe,snake,monkey,cat,lion,dog,horse,fish,mouse,nan,nan,nan
278,2,64.0,bird,snake,mouse,lion,monkey,cat,giraffe,dog,horse,zebra,elephant,tiger,cow,bear,sheep
279,2,70.7,elephant,dog,tiger,sheep,mouse,cat,horse,snake,giraffe,bear,lion,zebra,fish,cow,monkey
280,2,66.1,tiger,mouse,dog,sheep,cat,nan,nan,nan,nan,nan,nan,nan,nan,nan,nan
281,2,71.1,lion,sheep,cat,mouse,snake,fish,tiger,nan,nan,nan,nan,nan,nan,nan,nan
282,2,76.6,giraffe,cat,elephant,dog,bear,tiger,mouse,nan,nan,nan,nan,nan,nan,nan,nan
283,2,85.9,sheep,cat,snake,mouse,fish,nan,nan,nan,nan,nan,nan,nan,nan,nan,nan
284,2,57.6,elephant,lion,giraffe,cow,sheep,dog,zebra,snake,cat,nan,nan,nan,nan,nan,nan
285,2,91.3,horse,zebra,elephant,sheep,lion,cow,bird,cat,fish,mouse,bear,giraffe,nan,nan,nan
286,2,50.5,zebra,giraffe,fish,sheep,elephant,monkey,bear,cat,nan,nan,nan,nan,nan,nan,nan
287,2,68.5,giraffe,bird,horse,sheep,fish,cow,dog,elephant,snake,mouse,tiger,lion,nan,nan,nan
288,2,75.9,cat,elephant,snake,bird,sheep,dog,bear,giraffe,horse,mouse,lion,fish,zebra,nan,nan
289,2,72.8,bird,snake,dog,sheep,fish,monkey,elephant,bear,lion,cat,cow,giraffe,horse,nan,nan
290,2,63.8,cow,mouse,giraffe,zebra,fish,sheep,lion,snake,monkey,cat,dog,horse,bear,tiger,nan
291,2,67.9,sheep,elephant,cat,tiger,lion,nan,nan,nan,nan,nan,nan,nan,nan,nan,nan
292,2,65.1,fish,elephant,mouse,cow,snake,horse,bear,lion,sheep,giraffe,cat,zebra,tiger,nan,nan
293,2,64.1,tiger,sheep,zebra,monkey,giraffe,lion,horse,dog,cow,nan,nan,nan,nan,nan,nan
294,2,78.5,monkey,giraffe,horse,lion,zebra,elephant,bird,fish,nan,nan,nan,nan,nan,nan,nan
295,2,73.6,tiger,elephant,dog,lion,monkey,horse,bird,snake,mouse,giraffe,zebra,cat,sheep,nan,nan
296,2,63.1,horse,elephant,snake,zebra,cat,mouse,monkey,bear,cow,nan,nan,nan,nan,nan,nan
297,2,79.0,tiger,zebra,sheep,cow,snake,giraffe,horse,elephant,bird,monkey,bear,dog,mouse,lion,cat
298,2,73.1,snake,fish,horse,giraffe,zebra,dog,nan,nan,nan,nan,nan,nan,nan,nan,nan
299,2,78.1,lion,zebra,tiger,dog,cat,nan,nan,nan,nan,nan,nan,nan,nan,nan,nan
300,2,76.3,snake,cow,lion,bird,zebra,bear,mouse,horse,tiger,elephant,dog,monkey,nan,nan,nan
301,2,61.7,cow,bird,cat,lion,zebra,sheep,elephant,bear,snake,monkey,tiger,fish,horse,nan,nan
302,2,64.4,giraffe,tiger,zebra,bear,elephant,monkey,fish,bird,dog,horse,lion,snake,sheep,mouse,nan
303,2,77.5,horse,sheep,monkey,cow,giraffe,fish,elephant,zebra,lion,mouse,dog,nan,nan,nan,nan
304,2,76.1,cow,mouse,bird,giraffe,sheep,nan,nan,nan,nan,nan,nan,nan,nan,nan,nan
305,2,69.8,snake,monkey,bear,cat,horse,zebra,giraffe,bird,fish,tiger,mouse,nan,nan,nan,nan
306,2,71.2,dog,snake,elephant,cat,bear,tiger,giraffe,mouse,fish,sheep,bird,nan,nan,nan,nan
307,2,82.8,monkey,bear,tiger,dog,elephant,snake,nan,nan,nan,nan,nan,nan,nan,nan,nan
308,2,64.1,sheep,monkey,cow,mouse,zebra,tiger,cat,bear,snake,elephant,bird,nan,nan,nan,nan
309,2,75.5,elephant,fish,dog,bird,cow,snake,sheep,mouse,monkey,zebra,cat,lion,bear,nan,nan
310,2,68.0,elephant,dog,snake,bird,giraffe,nan,nan,nan,nan,nan,nan,nan,nan,nan,nan
311,2,67.8,cow,mouse,monkey,elephant,bear,zebra,fish,nan,nan,nan,nan,nan,nan,nan,nan
312,2,81.0,zebra,lion,sheep,tiger,monkey,fish,mouse,cow,horse,bird,snake,cat,elephant,giraffe,dog
313,2,78.3,giraffe,tiger,lion,monkey,snake,dog,zebra,nan,nan,nan,nan,nan,nan,nan,nan
314,2,78.1,snake,horse,cat,giraffe,sheep,tiger,mouse,bird,dog,monkey,cow,fish,elephant,lion,nan
315,2,83.1,cat,cow,elephant,lion,dog,tiger,nan,nan,nan,nan,nan,nan,nan,nan,nan
316,2,70.2,elephant,mouse,cat,horse,snake,giraffe,fish,tiger,bear,nan,nan,nan,nan,nan,nan
317,2,76.8,sheep,cat,cow,monkey,zebra,bird,mouse,tiger,elephant,lion,nan,nan,nan,nan,nan
318,2,66.9,cow,bird,dog,bear,zebra,monkey,sheep,horse,nan,nan,nan,nan,nan,nan,nan
319,2,73.2,elephant,fish,tiger,lion,giraffe,sheep,zebra,dog,cat,bird,snake,nan,nan,nan,nan
320,2,68.7,mouse,tiger,bear,zebra,horse,cat,sheep,nan,nan,nan,nan,nan,nan,nan,nan
321,2,71.0,cow,giraffe,cat,horse,tiger,lion,fish,monkey,sheep,dog,elephant,mouse,bear,snake,nan
322,2,76.0,elephant,monkey,lion,cow,bird,bear,fish,mouse,tiger,giraffe,horse,nan,nan,nan,nan
323,2,61.8,fish,cat,monkey,lion,mouse,zebra,dog,giraffe,bird,elephant,bear,cow,sheep,snake,tiger
324,2,90.9,mouse,snake,zebra,dog,tiger,lion,elephant,monkey,horse,cat,cow,sheep,nan,nan,nan
325,2,59.9,monkey,dog,cat,snake,fish,tiger,cow,sheep,mouse,nan,nan,nan,nan,nan,nan
326,2,57.9,fish,mouse,giraffe,cat,horse,dog,zebra,monkey,tiger,nan,nan,nan,nan,nan,nan
327,2,81.6,giraffe,lion,horse,mouse,cat,fish,bear,nan,nan,nan,nan,nan,nan,nan,nan
328,2,77.9,bird,fish,sheep,cat,mouse,bear,cow,lion,horse,dog,nan,nan,nan,nan,nan
329,2,76.2,tiger,lion,fish,cat,cow,zebra,mouse,elephant,nan,nan,nan,nan,nan,nan,nan
330,2,76.3,bird,snake,fish,mouse,bear,tiger,cat,nan,nan,nan,nan,nan,nan,nan,nan
331,2,69.9,tiger,bear,zebra,sheep,fish,nan,nan,nan,nan,nan,nan,nan,nan,nan,nan
332,2,61.0,cat,snake,monkey,tiger,lion,bird,cow,bear,zebra,giraffe,mouse,nan,nan,nan,nan
333,2,70.8,bird,mouse,snake,fish,sheep,lion,monkey,horse,cow,elephant,giraffe,zebra,bear,dog,tiger
334,2,63.2,bird,zebra,giraffe,cow,mouse,nan,nan,nan,nan,nan,nan,nan,nan,nan,nan
335,2,79.8,lion,bird,tiger,mouse,elephant,cow,nan,nan,nan,nan,nan,nan,nan,nan,nan
336,2,68.5,horse,mouse,cat,monkey,zebra,giraffe,bird,nan,nan,nan,nan,nan,nan,nan,nan
337,2,61.7,cat,mouse,giraffe,bird,monkey,elephant,snake,cow,tiger,sheep,fish,dog,nan,nan,nan
338,2,66.8,horse,zebra,giraffe,cow,bear,lion,bird,mouse,nan,nan,nan,nan,nan,nan,nan
339,2,74.1,zebra,giraffe,dog,bear,cow,elephant,snake,sheep,nan,nan,nan,nan,nan,nan,nan
340,2,64.4,tiger,snake,dog,zebra,giraffe,horse,nan,nan,nan,nan,nan,nan,nan,nan,nan
341,2,61.8,zebra,giraffe,sheep,bird,dog,cat,tiger,horse,snake,lion,mouse,nan,nan,nan,nan
342,2,72.4,monkey,bear,horse,sheep,dog,lion,mouse,giraffe,tiger,cow,zebra,elephant,cat,bird,fish
343,2,72.4,zebra,bird,snake,fish,cow,mouse,monkey,nan,nan,nan,nan,nan,nan,nan,nan
344,2,64.9,dog,cow,lion,cat,horse,fish,tiger,mouse,giraffe,bird,snake,zebra,monkey,elephant,bear
345,2,65.3,snake,cat,monkey,giraffe,horse,bird,dog,zebra,fish,mouse,cow,bear,lion,nan,nan
346,2,72.3,snake,lion,cat,giraffe,bear,cow,sheep,dog,tiger,horse,monkey,zebra,bird,nan,nan
347,2,55.5,monkey,horse,dog,cat,sheep,nan,nan,nan,nan,nan,nan,nan,nan,nan,nan
348,2,55.9,dog,monkey,bird,bear,sheep,elephant,cat,horse,tiger,cow,snake,fish,zebra,giraffe,lion
349,2,62.8,elephant,fish,bear,mouse,lion,zebra,cat,horse,monkey,dog,giraffe,bird,snake,tiger,nan
350,2,67.9,bear,cow,bird,giraffe,lion,horse,dog,nan,nan,nan,nan,nan,nan,nan,nan
351,2,73.1,elephant,lion,mouse,sheep,cow,zebra,fish,monkey,dog,cat,bear,giraffe,horse,snake,nan
352,2,84.8,giraffe,bear,fish,bird,horse,mouse,nan,nan,nan,nan,nan,nan,nan,nan,nan
353,2,78.6,lion,cat,bear,sheep,tiger,bird,nan,nan,nan,nan,nan,nan,nan,nan,nan
354,2,68.4,snake,fish,zebra,horse,dog,tiger,nan,nan,nan,nan,nan,nan,nan,nan,nan
355,2,69.8,giraffe,monkey,horse,mouse,cat,snake,fish,bird,nan,nan,nan,nan,nan,nan,nan
356,2,60.0,bear,elephant,cat,snake,bird,dog,lion,mouse,giraffe,cow,fish,nan,nan,nan,nan
357,2,69.8,zebra,bear,dog,mouse,cat,nan,nan,nan,nan,nan,nan,nan,nan,nan,nan
358,2,67.1,fish,monkey,cat,snake,zebra,bear,nan,nan,nan,nan,nan,nan,nan,nan,nan
359,2,73.2,snake,bird,mouse,bear,fish,tiger,lion,sheep,cat,monkey,dog,zebra,elephant,cow,horse
360,2,61.7,elephant,zebra,monkey,tiger,dog,fish,cat,horse,mouse,sheep,cow,giraffe,lion,bear,nan
361,2,75.2,elephant,fish,cat,dog,tiger,snake,mouse,monkey,sheep,nan,nan,nan,nan,nan,nan
362,2,85.3,snake,lion,cat,cow,zebra,elephant,dog,nan,nan,nan,nan,nan,nan,nan,nan
363,2,68.9,elephant,zebra,cow,cat,dog,tiger,fish,horse,bear,giraffe,lion,sheep,nan,nan,nan
364,2,74.0,tiger,mouse,bird,bear,monkey,nan,nan,nan,nan,nan,nan,nan,nan,nan,nan
365,2,76.9,cat,zebra,fish,horse,bear,mouse,monkey,sheep,dog,giraffe,lion,tiger,cow,nan,nan
366,2,66.0,bird,lion,giraffe,monkey,dog,bear,tiger,horse,cat,elephant,zebra,snake,cow,nan,nan
367,2,72.2,horse,cat,mouse,sheep,cow,giraffe,zebra,dog,bear,elephant,snake,lion,nan,nan,nan
368,2,70.1,cat,fish,elephant,tiger,zebra,lion,nan,nan,nan,nan,nan,nan,nan,nan,nan
369,2,71.0,bear,giraffe,lion,horse,elephant,dog,zebra,monkey,fish,sheep,tiger,bird,nan,nan,nan
370,2,62.3,bear,zebra,tiger,fish,giraffe,snake,bird,nan,nan,nan,nan,nan,nan,nan,nan
371,2,70.2,zebra,horse,elephant,snake,cat,monkey,dog,lion,bear,cow,nan,nan,nan,nan,nan
372,2,75.0,horse,tiger,elephant,bear,fish,lion,cat,snake,sheep,dog,monkey,nan,nan,nan,nan
373,2,84.5,sheep,cow,snake,lion,cat,zebra,nan,nan,nan,nan,nan,nan,nan,nan,nan
374,2,79.6,mouse,dog,cow,giraffe,sheep,bear,snake,tiger,lion,nan,nan,nan,nan,nan,nan
375,2,91.5,fish,cat,bird,elephant,giraffe,sheep,mouse,lion,bear,monkey,zebra,cow,tiger,nan,nan
376,2,62.3,sheep,bird,snake,horse,cow,tiger,monkey,lion,zebra,nan,nan,nan,nan,nan,nan
377,2,78.7,lion,giraffe,elephant,bear,fish,nan,nan,nan,nan,nan,nan,nan,nan,nan,nan
378,2,71.8,bear,mouse,elephant,horse,zebra,tiger,monkey,nan,nan,nan,nan,nan,nan,nan,nan
379,2,91.9,tiger,giraffe,zebra,mouse,cat,lion,fish,sheep,dog,elephant,snake,monkey,horse,nan,nan
380,2,61.9,tiger,cow,dog,giraffe,fish,bird,lion,sheep,zebra,mouse,cat,elephant,nan,nan,nan
381,2,61.6,zebra,cow,lion,dog,cat,tiger,nan,nan,nan,nan,nan,nan,nan,nan,nan
382,2,64.0,snake,tiger,zebra,mouse,bird,dog,sheep,nan,nan,nan,nan,nan,nan,nan,nan
383,2,48.8,fish,cow,cat,sheep,tiger,elephant,dog,zebra,snake,giraffe,bear,nan,nan,nan,nan
384,2,64.7,cat,elephant,lion,bear,cow,fish,nan,nan,nan,nan,nan,nan,nan,nan,nan
385,2,62.4,giraffe,zebra,dog,lion,monkey,horse,cat,bird,elephant,nan,nan,nan,nan,nan,nan
386,2,71.5,lion,sheep,zebra,cow,horse,giraffe,dog,nan,nan,nan,nan,nan,nan,nan,nan
387,2,73.4,monkey,sheep,giraffe,mouse,cat,lion,bear,bird,zebra,fish,tiger,nan,nan,nan,nan
388,2,88.8,cat,fish,bird,elephant,snake,giraffe,lion,monkey,bear,tiger,zebra,sheep,nan,nan,nan
389,2,79.5,lion,horse,sheep,dog,zebra,giraffe,mouse,elephant,tiger,bear,nan,nan,nan,nan,nan
390,2,64.2,zebra,monkey,mouse,fish,horse,elephant,dog,giraffe,lion,snake,sheep,nan,nan,nan,nan
391,2,61.0,horse,sheep,snake,giraffe,tiger,nan,nan,nan,nan,nan,nan,nan,nan,nan,nan
392,2,74.9,bear,horse,sheep,cat,monkey,tiger,lion,zebra,snake,mouse,nan,nan,nan,nan,nan
393,2,56.8,horse,mouse,elephant,cow,cat,fish,nan,nan,nan,nan,nan,nan,nan,nan,nan
394,2,88.3,horse,bird,giraffe,zebra,mouse,bear,cow,sheep,monkey,elephant,fish,snake,lion,cat,dog
395,2,81.8,fish,bear,zebra,mouse,giraffe,nan,nan,nan,nan,nan,nan,nan,nan,nan,nan
396,2,65.3,bird,tiger,horse,sheep,bear,giraffe,cat,dog,cow,nan,nan,nan,nan,nan,nan
397,2,52.9,mouse,giraffe,zebra,lion,elephant,fish,nan,nan,nan,nan,nan,nan,nan,nan,nan
398,2,83.5,zebra,fish,lion,mouse,dog,monkey,tiger,giraffe,elephant,bird,snake,horse,sheep,cat,bear
399,2,68.9,elephant,cow,zebra,horse,sheep,snake,bird,mouse,lion,giraffe,tiger,dog,nan,nan,nan
400,2,82.4,snake,cow,lion,cat,bear,fish,sheep,bird,giraffe,elephant,monkey,nan,nan,nan,nan
401,2,54.1,cat,bear,bird,zebra,elephant,tiger,giraffe,fish,nan,nan,nan,nan,nan,nan,nan
402,2,64.0,lion,sheep,snake,dog,horse,elephant,monkey,cow,giraffe,mouse,bird,fish,nan,nan,nan
403,2,70.1,giraffe,fish,lion,sheep,bear,tiger,bird,cat,dog,horse,nan,nan,nan,nan,nan
404,2,70.5,sheep,bear,lion,horse,dog,elephant,cat,cow,giraffe,monkey,nan,nan,nan,nan,nan
405,2,65.5,zebra,dog,snake,fish,bear,nan,nan,nan,nan,nan,nan,nan,nan,nan,nan
406,2,76.2,giraffe,dog,tiger,fish,lion,monkey,bird,mouse,snake,zebra,cow,bear,nan,nan,nan
407,2,59.3,monkey,cow,fish,giraffe,snake,tiger,elephant,lion,nan,nan,nan,nan,nan,nan,nan
408,2,68.6,sheep,snake,cow,fish,zebra,elephant,lion,monkey,bear,nan,nan,nan,nan,nan,nan
409,2,71.2,elephant,bear,mouse,zebra,sheep,tiger,horse,fish,nan,nan,nan,nan,nan,nan,nan
410,2,75.1,tiger,elephant,giraffe,lion,fish,cow,zebra,nan,nan,nan,nan,nan,nan,nan,nan
411,2,77.1,mouse,sheep,cow,fish,cat,snake,giraffe,lion,nan,nan,nan,nan,nan,nan,nan
412,2,58.8,tiger,zebra,giraffe,bear,lion,monkey,elephant,bird,horse,dog,cat,cow,snake,fish,nan
413,2,54.7,elephant,bird,dog,tiger,monkey,sheep,mouse,fish,lion,snake,nan,nan,nan,nan,nan
414,2,82.8,tiger,mouse,horse,sheep,zebra,nan,nan,nan,nan,nan,nan,nan,nan,nan,nan
415,2,73.3,mouse,tiger,sheep,snake,zebra,elephant,bear,monkey,cat,horse,fish,bird,dog,giraffe,nan
416,2,62.5,sheep,tiger,lion,giraffe,horse,mouse,bird,snake,fish,bear,cow,dog,elephant,nan,nan
417,2,85.5,zebra,bear,monkey,cat,cow,tiger,fish,dog,snake,elephant,horse,mouse,bird,lion,sheep
418,2,71.2,elephant,giraffe,lion,snake,tiger,sheep,bird,fish,monkey,nan,nan,nan,nan,nan,nan
419,2,81.8,mouse,dog,horse,snake,cat,cow,sheep,nan,nan,nan,nan,nan,nan,nan,nan
420,2,70.7,snake,zebra,giraffe,lion,dog,mouse,cow,cat,sheep,elephant,nan,nan,nan,nan,nan
421,2,90.6,lion,sheep,giraffe,bird,cat,nan,nan,nan,nan,nan,nan,nan,nan,nan,nan
422,2,87.6,tiger,cow,snake,mouse,cat,nan,nan,nan,nan,nan,nan,nan,nan,nan,nan
423,2,67.5,lion,tiger,bear,snake,horse,fish,monkey,cow,bird,mouse,giraffe,nan,nan,nan,nan
424,2,79.7,bear,snake,cat,horse,cow,fish,bird,mouse,lion,zebra,nan,nan,nan,nan,nan
425,2,76.5,dog,tiger,elephant,sheep,cat,fish,snake,giraffe,monkey,nan,nan,nan,nan,nan,nan
426,2,83.7,bear,giraffe,bird,elephant,cow,mouse,sheep,dog,monkey,tiger,nan,nan,nan,nan,nan
427,2,60.4,lion,giraffe,fish,elephant,sheep,bear,bird,tiger,mouse,cow,cat,nan,nan,nan,nan
428,2,76.9,fish,bird,sheep,cat,zebra,cow,mouse,bear,giraffe,elephant,snake,tiger,lion,horse,nan
429,2,80.6,bird,cat,giraffe,tiger,lion,elephant,zebra,horse,bear,dog,nan,nan,nan,nan,nan
430,2,52.4,cat,giraffe,mouse,bird,sheep,zebra,snake,cow,nan,nan,nan,nan,nan,nan,nan
431,2,58.2,monkey,fish,mouse,dog,giraffe,zebra,elephant,lion,sheep,cow,tiger,horse,nan,nan,nan
432,2,49.6,horse,elephant,monkey,giraffe,bird,sheep,lion,snake,cow,zebra,fish,bear,dog,mouse,nan
433,2,67.3,lion,monkey,mouse,bear,tiger,bird,zebra,horse,giraffe,elephant,snake,sheep,nan,nan,nan
434,2,77.2,giraffe,tiger,mouse,sheep,bear,horse,nan,nan,nan,nan,nan,nan,nan,nan,nan
435,2,85.0,snake,giraffe,sheep,cow,zebra,mouse,nan,nan,nan,nan,nan,nan,nan,nan,nan
436,2,70.7,cat,zebra,sheep,bird,bear,nan,nan,nan,nan,nan,nan,nan,nan,nan,nan
437,2,86.3,tiger,elephant,cat,mouse,bird,nan,nan,nan,nan,nan,nan,nan,nan,nan,nan
438,2,56.2,cat,bird,bear,mouse,snake,monkey,elephant,tiger,lion,giraffe,dog,sheep,zebra,horse,nan
439,2,53.0,giraffe,monkey,tiger,mouse,dog,zebra,cat,horse,elephant,cow,lion,snake,nan,nan,nan
440,2,69.4,cow,bird,bear,horse,giraffe,dog,snake,zebra,monkey,cat,tiger,nan,nan,nan,nan
441,2,73.8,dog,zebra,horse,snake,elephant,lion,tiger,mouse,sheep,nan,nan,nan,nan,nan,nan
442,2,69.7,dog,cow,mouse,monkey,bird,fish,elephant,tiger,zebra,bear,cat,lion,horse,giraffe,nan
443,2,49.3,mouse,giraffe,bear,fish,snake,cat,nan,nan,nan,nan,nan,nan,nan,nan,nan
444,2,69.1,cat,sheep,fish,zebra,bird,bear,elephant,nan,nan,nan,nan,nan,nan,nan,nan
445,2,57.0,fish,tiger,cow,giraffe,monkey,zebra,horse,cat,mouse,lion,bear,dog,nan,nan,nan
446,2,76.7,sheep,fish,tiger,mouse,cat,bear,cow,lion,monkey,horse,giraffe,zebra,elephant,nan,nan
447,2,73.7,dog,lion,zebra,snake,elephant,bear,giraffe,sheep,cat,monkey,bird,tiger,horse,mouse,fish
448,2,60.6,elephant,lion,monkey,tiger,zebra,horse,mouse,snake,nan,nan,nan,nan,nan,nan,nan
449,2,64.9,lion,zebra,horse,bird,fish,dog,giraffe,cat,tiger,mouse,sheep,elephant,cow,monkey,nan
450,2,59.4,dog,snake,mouse,cat,monkey,nan,nan,nan,nan,nan,nan,nan,nan,nan,nan
451,2,69.4,tiger,sheep,cat,bird,fish,bear,nan,nan,nan,nan,nan,nan,nan,nan,nan
452,2,79.6,cat,mouse,bear,tiger,monkey,fish,giraffe,sheep,snake,nan,nan,nan,nan,nan,nan
453,2,60.1,giraffe,dog,elephant,horse,monkey,cow,snake,tiger,zebra,bird,bear,cat,fish,lion,mouse
454,2,75.0,snake,horse,cow,sheep,bird,lion,cat,dog,bear,mouse,tiger,fish,monkey,nan,nan
455,2,64.7,zebra,monkey,fish,cow,bear,nan,nan,nan,nan,nan,nan,nan,nan,nan,nan
456,2,62.1,bear,horse,mouse,monkey,cat,zebra,bird,dog,nan,nan,nan,nan,nan,nan,nan
457,2,68.9,elephant,dog,bird,giraffe,tiger,nan,nan,nan,nan,nan,nan,nan,nan,nan,nan
458,2,59.6,snake,monkey,elephant,sheep,dog,cow,bear,horse,zebra,nan,nan,nan,nan,nan,nan
459,2,64.5,bear,lion,monkey,fish,sheep,dog,bird,mouse,cat,snake,elephant,nan,nan,nan,nan
460,2,58.0,zebra,mouse,bear,horse,monkey,snake,giraffe,fish,elephant,sheep,cat,nan,nan,nan,nan
461,2,89.6,tiger,horse,bird,cow,giraffe,sheep,cat,zebra,nan,nan,nan,nan,nan,nan,nan
462,2,70.4,dog,horse,sheep,elephant,lion,zebra,bear,tiger,giraffe,fish,snake,monkey,nan,nan,nan
463,2,63.0,lion,giraffe,sheep,snake,elephant,nan,nan,nan,nan,nan,nan,nan,nan,nan,nan
464,2,72.1,bear,horse,cat,lion,mouse,nan,nan,nan,nan,nan,nan,nan,nan,nan,nan
465,2,68.9,snake,cow,monkey,sheep,tiger,giraffe,cat,horse,bird,elephant,lion,dog,bear,nan,nan
466,2,67.8,mouse,lion,sheep,dog,horse,cow,snake,cat,fish,zebra,nan,nan,nan,nan,nan
467,2,76.1,lion,bear,fish,mouse,snake,giraffe,nan,nan,nan,nan,nan,nan,nan,nan,nan
468,2,77.6,fish,snake,lion,cat,zebra,elephant,cow,horse,mouse,sheep,monkey,tiger,dog,giraffe,bear
469,2,64.7,zebra,fish,monkey,cow,snake,elephant,dog,nan,nan,nan,nan,nan,nan,nan,nan
470,2,64.2,dog,bird,cat,zebra,monkey,sheep,elephant,tiger,fish,giraffe,nan,nan,nan,nan,nan
471,2,67.2,bird,cow,cat,dog,zebra,lion,horse,giraffe,elephant,monkey,snake,sheep,nan,nan,nan
472,2,47.0,lion,zebra,bird,cow,tiger,giraffe,fish,horse,sheep,elephant,monkey,dog,nan,nan,nan
473,2,54.8,dog,zebra,snake,tiger,cat,monkey,cow,bear,elephant,lion,fish,horse,sheep,giraffe,mouse
474,2,83.7,giraffe,sheep,bird,elephant,zebra,bear,dog,lion,monkey,cow,mouse,tiger,nan,nan,nan
475,2,86.4,giraffe,zebra,horse,lion,monkey,cat,elephant,sheep,nan,nan,nan,nan,nan,nan,nan
476,2,67.5,fish,zebra,lion,mouse,giraffe,elephant,snake,dog,horse,sheep,bear,nan,nan,nan,nan
477,2,75.8,mouse,zebra,fish,monkey,horse,snake,sheep,cow,bird,bear,dog,tiger,nan,nan,nan
478,2,73.1,zebra,bear,lion,fish,elephant,monkey,mouse,snake,tiger,cat,bird,dog,sheep,cow,nan
479,2,100.8,snake,horse,tiger,cat,dog,mouse,giraffe,fish,elephant,monkey,zebra,sheep,bird,nan,nan
480,2,81.2,fish,sheep,elephant,cat,mouse,snake,bear,monkey,dog,bird,zebra,nan,nan,nan,nan
481,2,68.7,sheep,cow,snake,lion,horse,giraffe,monkey,dog,tiger,cat,zebra,fish,bear,elephant,nan
482,2,60.4,tiger,sheep,fish,lion,horse,monkey,bird,snake,mouse,cat,nan,nan,nan,nan,nan
483,2,53.9,cat,tiger,bird,zebra,cow,elephant,fish,sheep,nan,nan,nan,nan,nan,nan,nan
484,2,72.0,elephant,cow,bird,sheep,fish,snake,dog,monkey,nan,nan,nan,nan,nan,nan,nan
485,2,62.4,snake,tiger,dog,sheep,horse,monkey,bear,bird,elephant,mouse,giraffe,cat,cow,zebra,nan
486,2,55.8,monkey,dog,mouse,elephant,bird,sheep,lion,cat,zebra,fish,snake,bear,cow,giraffe,horse
487,2,63.5,zebra,mouse,lion,cat,monkey,cow,tiger,bird,sheep,nan,nan,nan,nan,nan,nan
488,2,59.2,mouse,cat,dog,horse,bear,sheep,giraffe,fish,nan,nan,nan,nan,nan,nan,nan
489,2,86.9,dog,sheep,bird,lion,tiger,elephant,monkey,bear,mouse,nan,nan,nan,nan,nan,nan
490,2,78.8,monkey,sheep,tiger,giraffe,mouse,lion,fish,cat,dog,nan,nan,nan,nan,nan,nan
491,2,69.9,cat,bear,sheep,fish,giraffe,bird,dog,lion,cow,horse,zebra,mouse,monkey,tiger,nan
492,2,84.8,monkey,tiger,dog,zebra,sheep,bear,snake,mouse,horse,cow,nan,nan,nan,nan,nan
493,2,70.8,snake,bear,sheep,lion,elephant,mouse,dog,nan,nan,nan,nan,nan,nan,nan,nan
494,2,61.4,bear,fish,monkey,sheep,bird,lion,zebra,nan,nan,nan,nan,nan,nan,nan,nan
495,2,85.2,fish,lion,zebra,tiger,sheep,cat,nan,nan,nan,nan,nan,nan,nan,nan,nan
496,2,75.4,tiger,cow,mouse,zebra,cat,horse,nan,nan,nan,nan,nan,nan,nan,nan,nan
497,2,59.6,dog,monkey,bear,sheep,zebra,tiger,cow,fish,lion,cat,nan,nan,nan,nan,nan
498,2,68.1,bird,cat,mouse,monkey,sheep,fish,tiger,horse,nan,nan,nan,nan,nan,nan,nan
499,2,61.2,giraffe,bird,fish,zebra,cow,elephant,dog,bear,sheep,snake,mouse,nan,nan,nan,nan
500,2,56.2,tiger,fish,cat,bird,monkey,sheep,lion,bear,cow,snake,zebra,nan,nan,nan,nan
501,2,79.3,giraffe,tiger,elephant,bird,snake,dog,fish,zebra,monkey,cow,bear,nan,nan,nan,nan
502,2,89.1,mouse,cat,horse,cow,elephant,bird,lion,sheep,nan,nan,nan,nan,nan,nan,nan
503,2,56.0,cat,elephant,fish,bear,snake,nan,nan,nan,nan,nan,nan,nan,nan,nan,nan
504,2,75.6,mouse,bear,giraffe,cow,sheep,dog,horse,fish,lion,zebra,cat,bird,elephant,nan,nan
505,2,63.5,cow,bird,elephant,fish,sheep,giraffe,tiger,lion,snake,bear,monkey,dog,mouse,nan,nan
506,2,65.1,tiger,bear,cow,elephant,fish,lion,dog,cat,nan,nan,nan,nan,nan,nan,nan
507,2,64.1,snake,elephant,zebra,tiger,giraffe,cat,nan,nan,nan,nan,nan,nan,nan,nan,nan
508,2,61.4,giraffe,cow,cat,dog,elephant,sheep,bear,lion,fish,snake,nan,nan,nan,nan,nan
509,2,70.5,snake,mouse,cat,zebra,monkey,nan,nan,nan,nan,nan,nan,nan,nan,nan,nan
510,2,61.7,bear,bird,lion,tiger,zebra,cat,nan,nan,nan,nan,nan,nan,nan,nan,nan
511,2,72.7,monkey,tiger,sheep,giraffe,cat,elephant,lion,snake,dog,bear,zebra,horse,nan,nan,nan
512,2,69.5,elephant,monkey,mouse,tiger,cow,dog,bear,nan,nan,nan,nan,nan,nan,nan,nan
513,2,67.6,mouse,horse,elephant,snake,tiger,nan,nan,nan,nan,nan,nan,nan,nan,nan,nan
514,2,60.9,bear,mouse,monkey,bird,lion,cat,cow,elephant,sheep,snake,nan,nan,nan,nan,nan
515,2,64.2,zebra,snake,elephant,lion,cat,dog,fish,monkey,cow,giraffe,nan,nan,nan,nan,nan
516,2,77.6,sheep,cat,bear,tiger,fish,giraffe,horse,mouse,zebra,monkey,dog,elephant,snake,cow,nan
